scenario,planner,t_goal,path_len,min_clear,replans,cpu_ms,success,efficiency
S1,a_star,0.9501899999999992,9.300754570127706,1.5936704980613927,1,5.880117416381836,0,0.0
