scenario,planner,t_goal,path_len,min_clear,replans,cpu_ms,success,efficiency
S1,a_star,86.59099999999985,16.930116263352133,2.7916525336057623,1180,0.1074952594304489,0,0.0
