scenario,planner,t_goal,path_len,min_clear,replans,cpu_ms,success,efficiency
S2,prm,505.7070000000007,14.930091749267797,0.21923727012591132,6,167.95210043589273,0,0.0
