scenario,planner,t_goal,path_len,min_clear,replans,cpu_ms,success,efficiency
S4,a_star,28.927999999999706,18.069325184420503,0.5855599540414628,67,0.8971442037553929,0,0.0
