scenario,planner,t_goal,path_len,min_clear,replans,cpu_ms,success,efficiency
S4,max_spanning,26.65299999999999,144.70784254275605,0.012526881136460222,4,8476.89825296402,0,0.0
