scenario,planner,t_goal,path_len,min_clear,replans,cpu_ms,success,efficiency
S4,prm,30.618999999999076,18.25088543199932,0.04297662346191256,92,13.863224050273066,0,0.0
