scenario,planner,t_goal,path_len,min_clear,replans,cpu_ms,success,efficiency
S7,prm,75.79000000000046,17.116191556351257,0.3028565665150074,3,74.07673199971516,0,0.0
